model,r6_first_persistent_gt_0p2,final_n_r2,final_n_r6,final_r6_over_r2,final_radii,final_path_mix,final_support_gain_26,final_support_gain_56,final_rep_gain_13,final_rep_gain_23
control,13,1.4384451611235831,0.8811112742573323,0.6125442234927384,"[1.7851052945222046, 2.3478629025633406, 6.301878710262205]",1.0,1.0,1.0,1.0,1.0
quartet_projected,13,1.438441392811298,0.8811337779740759,0.6125614727006591,"[1.785091017539141, 2.34785310752793, 6.301848153477966]",1.0015439325335584,1.0003213211610293,1.0001442403284106,1.0008033029025736,1.0003606008210264
